groupTitleContent,EventID,Category,Calendar,Service,Subject
Full Year Drop-Ins 2023/24,00243214,Drop-In and Try-It Programs,Skating,Drop-In Shinny,Shinny Drop-In (18+ Years) | Earnscliffe 2:45-4:35pm
Full Year Drop-Ins 2023/24,00243056,Drop-In and Try-It Programs,Sports,Drop-In Badminton,Badminton Drop-In (18+ Years) | Century Gardens 8:30-10:00pm
Full Year Drop-Ins 2023/24,00243034,Drop-In and Try-It Programs,Sports,Drop-In Badminton,Badminton Family Drop-In ( 4+ Years) | Century Gardens 7:00 -8:30pm
Full Year Drop-Ins 2023/24,00242925,Drop-In and Try-It Programs,Sports,Drop-In Basketball,Basketball Family (Arena Floor) Drop-In ( 4+ Years) | Earnscliffe 11:30-12:30pm
Full Year Drop-Ins 2023/24,00242888,Drop-In and Try-It Programs,Sports,Drop-In Soccer,Soccer (Arena Floor) Family Drop-In ( 4+ Years) | Earnscliffe 11:30-12:30pm
Full Year Drop-Ins 2023/24,00241347,Drop-In and Try-It Programs,Swimming,Drop-In Therapeutic Swim,Therapeutic Swim Drop-In (14+ Years) | Chinguacousy Wellness Centre Leisure Pool (warm water) 8:30-9:30pm
Full Year Drop-Ins 2023/24,00241343,Drop-In and Try-It Programs,Swimming,Drop-In Public Swim,Public Swim Drop-In (All Ages) | Chinguacousy Wellness Centre 2:00-3:00pm
Full Year Drop-Ins 2023/24,00241342,Drop-In and Try-It Programs,Swimming,Drop-In Lane Swim,Lane Swim Drop-In ( 6+ Years) | Chinguacousy Wellness Centre 8:00-9:00am
Full Year Drop-Ins 2023/24,00241340,Drop-In and Try-It Programs,Swimming,Drop-In Public Swim,Public Swim Drop-In (All Ages) | Jim Archdekin 6:05-7:05pm
Full Year Drop-Ins 2023/24,00241339,Drop-In and Try-It Programs,Swimming,Drop-In Public Swim,Public Swim Drop-In (All Ages) | Jim Archdekin 12:00-1:00pm
Full Year Drop-Ins 2023/24,00241338,Drop-In and Try-It Programs,Swimming,Drop-In Public Swim,Public Swim Drop-In (All Ages) | Jim Archdekin 11:30-12:30pm
Full Year Drop-Ins 2023/24,00241336,Drop-In and Try-It Programs,Swimming,Drop-In Public Swim,Adult Swim Drop-In (18+ Years) | Jim Archdekin 7:05-8:05pm
Full Year Drop-Ins 2023/24,00241334,Drop-In and Try-It Programs,Swimming,Drop-In Public Swim,Adult Swim Drop-In (18+ Years) | Jim Archdekin 11:00-12:00pm
Full Year Drop-Ins 2023/24,00241333,Drop-In and Try-It Programs,Swimming,Drop-In Public Swim,Adult Swim Drop-In (18+ Years) | Jim Archdekin 10:00-11:00am
Full Year Drop-Ins 2023/24,00241331,Drop-In and Try-It Programs,Swimming,Drop-In Public Swim,Adult Swim Drop-In (18+ Years) | Jim Archdekin 10:30-11:30am
Full Year Drop-Ins 2023/24,00241329,Drop-In and Try-It Programs,Swimming,Drop-In Public Swim,Adult Swim Drop-In (18+ Years) | Jim Archdekin 9:30-10:30am
Full Year Drop-Ins 2023/24,00241326,Drop-In and Try-It Programs,Swimming,Drop-In Public Swim,Public Swim Drop-In (All Ages) | Loafer's Lake 1:30-2:30pm
Full Year Drop-Ins 2023/24,00241324,Drop-In and Try-It Programs,Swimming,Drop-In Public Swim,Public Swim Drop-In (All Ages) | Loafer's Lake 7:05-8:05pm
Full Year Drop-Ins 2023/24,00241323,Drop-In and Try-It Programs,Swimming,Drop-In Public Swim,Adult Swim Drop-In (18+ Years) | Loafer's Lake 8:05-9:05pm
Full Year Drop-Ins 2023/24,00241321,Drop-In and Try-It Programs,Swimming,Drop-In Public Swim,Adult Swim Drop-In (18+ Years) | Loafer's Lake 2:30-3:30pm
Full Year Drop-Ins 2023/24,00241320,Drop-In and Try-It Programs,Swimming,Drop-In Public Swim,Adult Swim Drop-In (18+ Years) | Loafer's Lake 12:05-1:05pm
Full Year Drop-Ins 2023/24,00241319,Drop-In and Try-It Programs,Swimming,Drop-In Lane Swim,Lane Swim Drop-In ( 6+ Years) | Chinguacousy Wellness Centre 8:30-9:30pm
Full Year Drop-Ins 2023/24,00241316,Drop-In and Try-It Programs,Swimming,Drop-In Public Swim,Public Swim Drop-In (All Ages) | Loafer's Lake 1:05-2:05pm
Full Year Drop-Ins 2023/24,00241311,Drop-In and Try-It Programs,Swimming,Drop-In Public Swim,Public Swim Drop-In (All Ages) | Chinguacousy Wellness Centre 1:00-2:00pm
Full Year Drop-Ins 2023/24,00241310,Drop-In and Try-It Programs,Swimming,Drop-In Public Swim,Adult Swim Drop-In (18+ Years) | Loafer's Lake 8:00-9:00am
Full Year Drop-Ins 2023/24,00241309,Drop-In and Try-It Programs,Swimming,Drop-In Public Swim,Adult Swim Drop-In (18+ Years) | Chinguacousy Wellness Centre 1:00-2:00pm
Full Year Drop-Ins 2023/24,00241306,Drop-In and Try-It Programs,Swimming,Drop-In Aquafit,Aquafit Shallow Water Moderate Intensity Drop-In (14+ Years) | Loafer's Lake 8:00-9:00am
Full Year Drop-Ins 2023/24,00240952,Drop-In and Try-It Programs,Swimming,Drop-In Lane Swim,Lane Swim Drop-In ( 6+ Years) | Susan Fennell Sportsplex 11:45AM-12:45PM
Full Year Drop-Ins 2023/24,00240951,Drop-In and Try-It Programs,Swimming,Drop-In Public Swim,Public Swim Parent and Child Drop-In (10 Years and Under) | Susan Fennell Sportsplex 11:45AM-12:45PM
Full Year Drop-Ins 2023/24,00240950,Drop-In and Try-It Programs,Swimming,Drop-In Public Swim,Public Swim Parent and Child Drop-In (10 Years and Under) | Susan Fennell Sportsplex 11:30AM-12:30PM
Full Year Drop-Ins 2023/24,00240798,Drop-In and Try-It Programs,Swimming,Drop-In Lane Swim,Lane Swim Drop-In ( 6+ Years) | Susan Fennell Sportsplex 11:45AM-12:45PM
Full Year Drop-Ins 2023/24,00240797,Drop-In and Try-It Programs,Swimming,Drop-In Lane Swim,Lane Swim Drop-In ( 6+ Years) | Susan Fennell Sportsplex 11:30AM-12:30PM
Full Year Drop-Ins 2023/24,00240207,Drop-In and Try-It Programs,Skating,Drop-In Public Skate,Free Public Skate Drop-In (All Ages) Sponsored by Tim Horton's | Greenbriar 8:00-8:50pm
Full Year Drop-Ins 2023/24,00240204,Drop-In and Try-It Programs,Skating,Drop-In Public Skate,Free Public Skate Drop-In (All Ages) Sponsored by Tim Horton's | Greenbriar 12:00-12:50pm
Full Year Drop-Ins 2023/24,00240199,Drop-In and Try-It Programs,Skating,Drop-In Public Skate,Free Public Skate Drop-In (All Ages) Sponsored by Tim Horton's | Greenbriar 8:00-8:50pm
Full Year Drop-Ins 2023/24,00240195,Drop-In and Try-It Programs,Skating,Drop-In Public Skate,Free Public Skate Drop-In (All Ages) Sponsored by Tim Horton's | Greenbriar 4:00-4:50pm
Full Year Drop-Ins 2023/24,00229307,Drop-In and Try-It Programs,Sports,Drop-In Cricket,Cricket Indoor Family Drop-In ( 4+ Years) | Save Max Sports Centre 3:30-5:00pm
Full Year Drop-Ins 2023/24,00229287,Drop-In and Try-It Programs,Sports,Drop-In Cricket,Cricket Indoor Drop-In (14 to 17 Years) | Save Max Sports Centre 3:30-5:00pm
Full Year Drop-Ins 2023/24,00229284,Drop-In and Try-It Programs,Sports,Drop-In Cricket,Cricket Indoor Drop-In (18+ Years) | Save Max Sports Centre 9:30-11:00pm
Full Year Drop-Ins 2023/24,00229281,Drop-In and Try-It Programs,Sports,Drop-In Cricket,Cricket Indoor Drop-In (18+ Years) | Save Max Sports Centre 7:30-9:00pm
Full Year Drop-Ins 2023/24,00229278,Drop-In and Try-It Programs,Sports,Drop-In Cricket,Cricket Indoor Drop-In (18+ Years) | Save Max Sports Centre 5:30-7:00pm
Full Year Drop-Ins 2023/24,00229277,Drop-In and Try-It Programs,Sports,Drop-In Cricket,Cricket Indoor Drop-In (18+ Years) | Save Max Sports Centre 1:30-3:00pm
Full Year Drop-Ins 2023/24,00229276,Drop-In and Try-It Programs,Sports,Drop-In Cricket,Cricket Indoor Drop-In (18+ Years) | Save Max Sports Centre 11:30am-1:00pm
Full Year Drop-Ins 2023/24,00229274,Drop-In and Try-It Programs,Sports,Drop-In Cricket,Cricket Indoor Drop-In (18+ Years) | Save Max Sports Centre 9:30-11:00am
Full Year Drop-Ins 2023/24,00229271,Drop-In and Try-It Programs,Sports,Drop-In Cricket,Cricket Indoor Drop-In (18+ Years) | Save Max Sports Centre 7:30-9:00am
Full Year Drop-Ins 2023/24,00215621,Drop-In and Try-It Programs,Skating,Drop-In Public Skate,Public Skate Drop-In (All Ages) | Century Gardens 8:15-9:05pm
Full Year Drop-Ins 2023/24,00215619,Drop-In and Try-It Programs,Skating,Drop-In Public Skate,Public Skate Drop-In (All Ages) | Century Gardens3:15-4:05pm
Full Year Drop-Ins 2023/24,00215613,Drop-In and Try-It Programs,Skating,Drop-In Public Skate,Public Skate Drop-In (All Ages) | Century Gardens 9:00-9:50am
Full Year Drop-Ins 2023/24,00215610,Drop-In and Try-It Programs,Skating,Drop-In Public Skate,Public Skate Drop-In (All Ages) | Century Gardens 10:00-10:50am
Full Year Drop-Ins 2023/24,00215608,Drop-In and Try-It Programs,Skating,Drop-In Public Skate,Public Skate Drop-In (All Ages) | Century Gardens 11:00-11:50am
Full Year Drop-Ins 2023/24,00215603,Drop-In and Try-It Programs,Skating,Drop-In Shinny,Shinny Parent and Child Drop-In (10 Years and Under) | Century Gardens 4:15-5:05pm
Full Year Drop-Ins 2023/24,00215599,Drop-In and Try-It Programs,Skating,Drop-In Shinny,Shinny Drop-In (10 to 13 Years) | Century Gardens 5:00-5:50pm
Full Year Drop-Ins 2023/24,00215594,Drop-In and Try-It Programs,Skating,Drop-In Shinny,Shinny Drop-In (14 to 17 Years) | Century Gardens 4:00-4:50pm
Full Year Drop-Ins 2023/24,00215590,Drop-In and Try-It Programs,Skating,Drop-In Shinny,Shinny Drop-In (18+ Years) | Century Gardens 9:00-10:50am
Full Year Drop-Ins 2023/24,00215580,Drop-In and Try-It Programs,Skating,Drop-In Shinny,Shinny Drop-In (18+ Years) | Century Gardens 9:15-10:05am
Full Year Drop-Ins 2023/24,00215540,Drop-In and Try-It Programs,Skating,Drop-In Shinny,Shinny Drop-In (18+ Years) | Century Gardens 11:00-12:50pm
Full Year Drop-Ins 2023/24,00213650,Drop-In and Try-It Programs,Fitness,Drop-In Low Impact Exercise,Low Impact Group Fitness Drop-In (14+ Years) | Cassie Campbell 9:00-9:55am
Full Year Drop-Ins 2023/24,00213649,Drop-In and Try-It Programs,Fitness,Drop-In Low Impact Exercise,Low Impact Group Fitness Drop-In (14+ Years) | Cassie Campbell 6:30-7:25pm
Full Year Drop-Ins 2023/24,00213648,Drop-In and Try-It Programs,Fitness,Drop-In Muscle Conditioning,Bootcamp Group Fitness Drop-In (14+ Years) | Cassie Campbell 11:00-11:55am
Full Year Drop-Ins 2023/24,00213647,Drop-In and Try-It Programs,Fitness,Drop-In Muscle Conditioning,Hi-Lo Fusion Group Fitness Drop-In (14+ Years) | Cassie Campbell 10:00-10:55am
Full Year Drop-Ins 2023/24,00213646,Drop-In and Try-It Programs,Fitness,Drop-In Muscle Conditioning,Power Sculpt Group Fitness Drop-In (14+ Years) | Cassie Campbell 9:00-9:55am
Full Year Drop-Ins 2023/24,00213645,Drop-In and Try-It Programs,Fitness,Drop-In Muscle Conditioning,Kickboxing Group Fitness Drop-In (14+ Years) | Cassie Campbell 5:30-6:25pm
Full Year Drop-Ins 2023/24,00213644,Drop-In and Try-It Programs,Fitness,Drop-In Muscle Conditioning,Muscle Pump Group Fitness Drop-In (14+ Years) | Cassie Campbell 10:00-10:55am
Full Year Drop-Ins 2023/24,00213643,Drop-In and Try-It Programs,Fitness,Drop-In Muscle Conditioning,Bootcamp Group Fitness Drop-In (14+ Years) | Cassie Campbell 5:30-6:25pm
Full Year Drop-Ins 2023/24,00213642,Drop-In and Try-It Programs,Fitness,Drop-In Muscle Conditioning,Crossfire Group Fitness Drop-In (14+ Years) | Cassie Campbell 9:00-9:55am
Full Year Drop-Ins 2023/24,00213641,Drop-In and Try-It Programs,Fitness,Drop-In Muscle Conditioning,"Abs, Back and Glutes Group Fitness Drop-In (14+ Years) | Cassie Campbell 10:00-10:55am"
Full Year Drop-Ins 2023/24,00213640,Drop-In and Try-It Programs,Fitness,Drop-In Muscle Conditioning,Kettlebell Group Fitness Drop-In (14+ Years) | Cassie Campbell 7:30-8:25pm
Full Year Drop-Ins 2023/24,00213639,Drop-In and Try-It Programs,Fitness,Drop-In Muscle Conditioning,Crossfire Group Fitness Drop-In (14+ Years) | Cassie Campbell 5:30-6:25pm
Full Year Drop-Ins 2023/24,00213638,Drop-In and Try-It Programs,Fitness,Drop-In Muscle Conditioning,Power Sculpt Group Fitness Drop-In (14+ Years) | Cassie Campbell 10:00-10:55am
Full Year Drop-Ins 2023/24,00213637,Drop-In and Try-It Programs,Fitness,"Drop-In Yoga, Balance and Wellness",Yoga Gentle Group Fitness Drop-In (14+ Years)|Cassie Campbell 12:00-12:55pm
Full Year Drop-Ins 2023/24,00213636,Drop-In and Try-It Programs,Fitness,"Drop-In Yoga, Balance and Wellness",Yoga Group Fitness Drop-In (14+ Years)| Cassie Campbell 10:00-10:55am
Full Year Drop-Ins 2023/24,00213635,Drop-In and Try-It Programs,Fitness,"Drop-In Yoga, Balance and Wellness",Yoga Group Fitness Drop-In (14+ Years) | Cassie Campbell  7:30-8:25PM
Full Year Drop-Ins 2023/24,00213634,Drop-In and Try-It Programs,Fitness,"Drop-In Yoga, Balance and Wellness",Yoga Gentle Group Fitness Drop-In (14+ Years)| Cassie Campbell 10:00-10:55am
Full Year Drop-Ins 2023/24,00213633,Drop-In and Try-It Programs,Fitness,"Drop-In Yoga, Balance and Wellness",Yoga Group Fitness Drop-In (14+ Years)| Cassie Campbell 11:00-11:55am
Full Year Drop-Ins 2023/24,00213632,Drop-In and Try-It Programs,Fitness,Drop-In Zumba®,Zumba® Gold Group Fitness Drop-In (55+ Years) | Cassie Campbell 1:30-2:25pm
Full Year Drop-Ins 2023/24,00213631,Drop-In and Try-It Programs,Fitness,Drop-In Zumba®,Zumba® Group Fitness Drop-In (14+ Years) | Cassie Campbell 7:30-8:25pm
Full Year Drop-Ins 2023/24,00213630,Drop-In and Try-It Programs,Fitness,Drop-In Zumba®,STRONG Nation® Group Fitness Drop-In (14+ Years) | Cassie Campbell 6:30-7:25pm
Full Year Drop-Ins 2023/24,00213629,Drop-In and Try-It Programs,Fitness,Drop-In Zumba®,Zumba® Group Fitness Drop-In (14+ Years) | Cassie Campbell 9:00-9:55am
Full Year Drop-Ins 2023/24,00213628,Drop-In and Try-It Programs,Fitness,Drop-In Zumba®,Zumba® Group Fitness Drop-In (14+ Years) | Cassie Campbell 6:45-7:40pm
Full Year Drop-Ins 2023/24,00213627,Drop-In and Try-It Programs,Fitness,Drop-In Zumba®,Zumba® Group Fitness Drop-In (14+ Years) | Cassie Campbell 10:00-10:55am
Full Year Drop-Ins 2023/24,00212898,Drop-In and Try-It Programs,Sports,Drop-In Pickleball,Pickleball  Drop-In (18+ Years) | Century Gardens 9:30-11:00am
Full Year Drop-Ins 2023/24,00212678,Drop-In and Try-It Programs,Fitness,Drop-In Zumba®,Zumba® Group Fitness Drop-In (14+ Years) | Century Gardens 10:00-10:55am
Full Year Drop-Ins 2023/24,00212673,Drop-In and Try-It Programs,Fitness,"Drop-In Yoga, Balance and Wellness",Yoga Group Fitness Drop-In (14+ Years) | Century Gardens 6:15-7:15pm
Full Year Drop-Ins 2023/24,00212665,Drop-In and Try-It Programs,Fitness,"Drop-In Yoga, Balance and Wellness",Yoga Group Fitness Drop-In (14+ Years) | Century Gardens 11:00-11:55am
Full Year Drop-Ins 2023/24,00212447,Drop-In and Try-It Programs,Fitness,Drop-In Muscle Conditioning,Kettlebell Group Fitness Drop-In (14+ Years) | Century Gardens 6:30-7:25pm
Full Year Drop-Ins 2023/24,00212443,Drop-In and Try-It Programs,Fitness,Drop-In Muscle Conditioning,"Abs, Back and Glutes Group Fitness Drop-In (14+ Years) | Century Gardens 6:30-7:25pm"
Full Year Drop-Ins 2023/24,00212436,Drop-In and Try-It Programs,Fitness,Drop-In Zumba®,Zumba® Group Fitness Drop-In (14+ Years) | Century Gardens 7:30-8:25pm
Full Year Drop-Ins 2023/24,00212429,Drop-In and Try-It Programs,Fitness,Drop-In Zumba®,Zumba® Gold Group Fitness Drop-In (14+ Years) | Century Gardens 10:00-10:55am
Full Year Drop-Ins 2023/24,00211676,Drop-In and Try-It Programs,Sports,Drop-In Badminton,Badminton Drop-In (18+ Years) | Century Gardens 8:30-10:00pm
Full Year Drop-Ins 2023/24,00211672,Drop-In and Try-It Programs,Sports,Drop-In Badminton,Badminton Family Drop-In ( 4+ Years) | Century Gardens 7:00 -8:30pm
Full Year Drop-Ins 2023/24,00211163,Drop-In and Try-It Programs,Fitness,Drop-In Fitness Centre,Fitness Centre Drop-In (14+ Years) STAFF VIEW ONLY | Cassie Campbell 10:00-11:00pm
Full Year Drop-Ins 2023/24,00211162,Drop-In and Try-It Programs,Fitness,Drop-In Fitness Centre,Fitness Centre Drop-In (14+ Years) STAFF VIEW ONLY | Cassie Campbell 8:00-9:00pm
Full Year Drop-Ins 2023/24,00211161,Drop-In and Try-It Programs,Fitness,Drop-In Fitness Centre,Fitness Centre Drop-In (14+ Years) STAFF VIEW ONLY | Cassie Campbell 9:00-10:00pm
Full Year Drop-Ins 2023/24,00211159,Drop-In and Try-It Programs,Fitness,Drop-In Fitness Centre,Fitness Centre Drop-In (14+ Years) STAFF VIEW ONLY | Cassie Campbell 7:00-8:00pm
Full Year Drop-Ins 2023/24,00211158,Drop-In and Try-It Programs,Fitness,Drop-In Fitness Centre,Fitness Centre Drop-In (14+ Years) STAFF VIEW ONLY | Cassie Campbell 6:00-7:00pm
Full Year Drop-Ins 2023/24,00211157,Drop-In and Try-It Programs,Fitness,Drop-In Fitness Centre,Fitness Centre Drop-In (14+ Years) STAFF VIEW ONLY | Cassie Campbell 5:00-6:00pm
Full Year Drop-Ins 2023/24,00211156,Drop-In and Try-It Programs,Fitness,Drop-In Fitness Centre,Fitness Centre Drop-In (14+ Years) STAFF VIEW ONLY| Cassie Campbell 4:00-5:00pm
Full Year Drop-Ins 2023/24,00211155,Drop-In and Try-It Programs,Fitness,Drop-In Fitness Centre,Fitness Centre Drop-In (14+ Years) STAFF VIEW ONLY | Cassie Campbell 3:00-4:00pm
Full Year Drop-Ins 2023/24,00211154,Drop-In and Try-It Programs,Fitness,Drop-In Fitness Centre,Fitness Centre Drop-In (14+ Years) STAFF VIEW ONLY | Cassie Campbell 2:00-3:00pm
Full Year Drop-Ins 2023/24,00211153,Drop-In and Try-It Programs,Fitness,Drop-In Fitness Centre,Fitness Centre Drop-In (14+ Years) STAFF VIEW ONLY | Cassie Campbell 1:00-2:00pm
Full Year Drop-Ins 2023/24,00211151,Drop-In and Try-It Programs,Fitness,Drop-In Fitness Centre,Fitness Centre Drop-In (14+ Years) STAFF VIEW ONLY | Cassie Campbell 12:00-1:00pm
Full Year Drop-Ins 2023/24,00211150,Drop-In and Try-It Programs,Fitness,Drop-In Fitness Centre,Fitness Centre Drop-In (14+ Years) STAFF VIEW ONLY | Cassie Campbell 11:00-12:00pm
Full Year Drop-Ins 2023/24,00211149,Drop-In and Try-It Programs,Fitness,Drop-In Fitness Centre,Fitness Centre Drop-In (14+ Years) STAFF VIEW ONLY | Cassie Campbell 10:00-11:00am
Full Year Drop-Ins 2023/24,00211148,Drop-In and Try-It Programs,Fitness,Drop-In Fitness Centre,Fitness Centre Drop-In (14+ Years) STAFF VIEW ONLY | Cassie Campbell 9:00-10:00am
Full Year Drop-Ins 2023/24,00211145,Drop-In and Try-It Programs,Fitness,Drop-In Fitness Centre,Fitness Centre Drop-In (14+ Years) STAFF VIEW ONLY| Cassie Campbell 8:00-9:00am
Full Year Drop-Ins 2023/24,00211142,Drop-In and Try-It Programs,Fitness,Drop-In Fitness Centre,Fitness Centre Drop-In (14+ Years) STAFF VIEW ONLY | Cassie Campbell 7:00-8:00am
Full Year Drop-Ins 2023/24,00211139,Drop-In and Try-It Programs,Fitness,Drop-In Fitness Centre,Fitness Centre Drop-In (14+ Years) STAFF VIEW ONLY | Cassie Campbell 6:00-7:00am
Full Year Drop-Ins 2023/24,00211135,Drop-In and Try-It Programs,Fitness,Drop-In Fitness Centre,Fitness Centre Drop-In (14+ Years) STAFF VIEW ONLY | Cassie Campbell 5:00-6:00am
Full Year Drop-Ins 2023/24,00211029,Drop-In and Try-It Programs,Fitness,Drop-In Fitness Consultation,Fitness Consultation STAFF VIEW ONLY | Cassie Campbell 8:00-8:45pm
Full Year Drop-Ins 2023/24,00211021,Drop-In and Try-It Programs,Fitness,Drop-In Fitness Consultation,Fitness Consultation STAFF VIEW ONLY | Cassie Campbell 9:00-9:45am
Full Year Drop-Ins 2023/24,00211020,Drop-In and Try-It Programs,Fitness,Drop-In Fitness Consultation,Fitness Consultation STAFF VIEW ONLY | Cassie Campbell 4:30-5:15pm
Full Year Drop-Ins 2023/24,00211014,Drop-In and Try-It Programs,Fitness,Drop-In Fitness Consultation,Fitness Consultation STAFF VIEW ONLY | Cassie Campbell 7:00-7:45am
Full Year Drop-Ins 2023/24,00211004,Drop-In and Try-It Programs,Fitness,Drop-In Fitness Consultation,Fitness Consultation STAFF VIEW ONLY | Cassie Campbell 7:00-7:45pm
Full Year Drop-Ins 2023/24,00211002,Drop-In and Try-It Programs,Fitness,Drop-In Fitness Consultation,Fitness Consultation STAFF VIEW ONLY | Cassie Campbell 5:00-5:45pm
Full Year Drop-Ins 2023/24,00210994,Drop-In and Try-It Programs,Fitness,Drop-In Fitness Consultation,Fitness Consultation STAFF VIEW ONLY | Cassie Campbell 3:00-3:45pm
Full Year Drop-Ins 2023/24,00210992,Drop-In and Try-It Programs,Fitness,Drop-In Fitness Consultation,Fitness Consultation STAFF VIEW ONLY | Cassie Campbell 12:00-12:45pm
Full Year Drop-Ins 2023/24,00210971,Drop-In and Try-It Programs,Fitness,Drop-In Fitness Consultation,Fitness Consultation STAFF VIEW ONLY | Cassie Campbell 10:00-10:45am
Full Year Drop-Ins 2023/24,00210969,Drop-In and Try-It Programs,Fitness,Drop-In Fitness Consultation,Fitness Consultation STAFF VIEW ONLY | Cassie Campbell 8:00-8:45am
Full Year Drop-Ins 2023/24,00210967,Drop-In and Try-It Programs,Fitness,Drop-In Fitness Consultation,Fitness Consultation STAFF VIEW ONLY | Cassie Campbell 6:00-6:45am
Full Year Drop-Ins 2023/24,00210200,Drop-In and Try-It Programs,Swimming,Drop-In Lane Swim,Lane Swim Drop-In ( 6+ Years) | Gore Meadows 9:00-10:00pm
